sample_name,scene_id,im_id,gt_idx,obj_id,partial_points,gt_points,completion_points,normalization_scale,bbox_diag_partial_raw,bbox_diag_gt_raw,bbox_diag_completion_raw,partial_cd_l1,partial_cd_l2,partial_cd_l2_x1000,partial_precision_0p01,partial_recall_0p01,partial_fscore_0p01,partial_precision_0p02,partial_recall_0p02,partial_fscore_0p02,completed_cd_l1,completed_cd_l2,completed_cd_l2_x1000,completed_precision_0p01,completed_recall_0p01,completed_fscore_0p01,completed_precision_0p02,completed_recall_0p02,completed_fscore_0p02,cd_l2_improvement_abs,cd_l2_improvement_percent,completed_x_cd_l1,completed_x_cd_l2,completed_x_cd_l2_x1000,completed_x_precision_0p01,completed_x_recall_0p01,completed_x_fscore_0p01,completed_x_precision_0p02,completed_x_recall_0p02,completed_x_fscore_0p02,completed_x_cd_l2_improvement_percent
scene000048_im000001_gt000000_obj000001,48,1,0,1,2048,8192,8192,75.78184509277344,181.20480346679688,230.03445434570312,226.2639617919922,0.4457206405876334,0.27999218918698693,279.99218918698693,0.00830078125,0.00244140625,0.0037730823863636365,0.068359375,0.0191650390625,0.029937020571827056,0.3051492589392238,0.07917700509104705,79.17700509104705,0.013671875,0.014892578125,0.014256143162393162,0.073974609375,0.086181640625,0.0796129180163872,0.20081518409593987,71.72170933733786,0.3051492589392238,0.07917700509104705,79.17700509104705,0.013671875,0.014892578125,0.014256143162393162,0.073974609375,0.086181640625,0.0796129180163872,71.72170933733786
scene000048_im000001_gt000001_obj000006,48,1,1,6,2048,8192,8192,67.97994995117188,130.08213806152344,133.5888214111328,156.3059844970703,0.19765340486750443,0.050456078335216474,50.456078335216475,0.13037109375,0.0328369140625,0.0524604700355273,0.572265625,0.1197509765625,0.19805700410125243,0.11488337064985367,0.010826340630007567,10.826340630007568,0.0234375,0.02783203125,0.02544642857142857,0.11328125,0.204345703125,0.1457592717140661,0.0396297377052089,78.5430398334165,0.11488337064985367,0.010826340630007567,10.826340630007568,0.0234375,0.02783203125,0.02544642857142857,0.11328125,0.204345703125,0.1457592717140661,78.5430398334165
scene000048_im000001_gt000002_obj000014,48,1,2,14,2048,8192,8192,77.74187469482422,144.17752075195312,176.7754669189453,169.26759338378906,0.2797651422772253,0.11676570952453648,116.76570952453648,0.13037109375,0.0318603515625,0.05120670499435666,0.55859375,0.1239013671875,0.2028161889644071,0.13545167356899782,0.018349487142586794,18.349487142586796,0.0263671875,0.0286865234375,0.027478000277161862,0.15283203125,0.188232421875,0.16869505525232642,0.09841622238194969,84.28520905897383,0.13545167356899782,0.018349487142586794,18.349487142586796,0.0263671875,0.0286865234375,0.027478000277161862,0.15283203125,0.188232421875,0.16869505525232642,84.28520905897383
scene000048_im000001_gt000003_obj000019,48,1,3,19,2048,8192,8192,81.82203674316406,169.07937622070312,220.4358367919922,218.02622985839844,0.3819137060477464,0.24085286248168306,240.85286248168305,0.09326171875,0.01953125,0.032298430735930736,0.4697265625,0.0633544921875,0.11165014240325166,0.1585937559354916,0.040572584028250085,40.572584028250084,0.050048828125,0.05322265625,0.05158697177895981,0.251953125,0.2650146484375,0.2583188828217237,0.20028027845343296,83.15461829674719,0.1585937559354916,0.040572584028250085,40.572584028250084,0.050048828125,0.05322265625,0.05158697177895981,0.251953125,0.2650146484375,0.2583188828217237,83.15461829674719
scene000048_im000001_gt000004_obj000020,48,1,4,20,2048,8192,8192,140.9196014404297,274.8551330566406,267.9806213378906,326.2564697265625,0.12476007263818799,0.025845675335058545,25.845675335058544,0.35302734375,0.0745849609375,0.12315141708892378,0.86962890625,0.181640625,0.3005127293311658,0.12193084548998356,0.021861898137910334,21.861898137910334,0.0892333984375,0.0997314453125,0.09419080946180555,0.271728515625,0.43359375,0.33408781152647976,0.003983777197148212,15.413709046110277,0.12193084548998356,0.021861898137910334,21.861898137910334,0.0892333984375,0.0997314453125,0.09419080946180555,0.271728515625,0.43359375,0.33408781152647976,15.413709046110277
scene000049_im000001_gt000000_obj000003,49,1,0,3,2048,8192,8192,105.38968658447266,234.71286010742188,269.41766357421875,289.4608154296875,0.16638432575682865,0.04030206980537773,40.302069805377734,0.15771484375,0.0433349609375,0.06798879117334547,0.66748046875,0.2127685546875,0.32267881210130356,0.10495690599539001,0.0106410687601428,10.6410687601428,0.0391845703125,0.045654296875,0.04217274617805755,0.180419921875,0.2918701171875,0.22299510633400105,0.029661001045234933,73.59671894885433,0.10495690599539001,0.0106410687601428,10.6410687601428,0.0391845703125,0.045654296875,0.04217274617805755,0.180419921875,0.2918701171875,0.22299510633400105,73.59671894885433
scene000049_im000001_gt000001_obj000006,49,1,1,6,2048,8192,8192,54.3092155456543,121.33082580566406,144.46072387695312,148.58218383789062,0.2827424370018378,0.095634646608037,95.634646608037,0.04150390625,0.011474609375,0.017978650633640552,0.19970703125,0.058349609375,0.09031216739593188,0.15600859223806585,0.02001088376623813,20.010883766238127,0.01611328125,0.0191650390625,0.017507163711072665,0.08349609375,0.12841796875,0.10119572652649769,0.07562376284179886,79.07569643849507,0.15600859223806585,0.02001088376623813,20.010883766238127,0.01611328125,0.0191650390625,0.017507163711072665,0.08349609375,0.12841796875,0.10119572652649769,79.07569643849507
scene000049_im000001_gt000002_obj000009,49,1,2,9,2048,8192,8192,61.9036750793457,159.3946075439453,195.10214233398438,194.09352111816406,0.2784620671076799,0.12743505385170822,127.43505385170822,0.04931640625,0.013671875,0.021408672480620155,0.279296875,0.08447265625,0.12971371644295301,0.17769587382292162,0.02883934892416863,28.839348924168632,0.008056640625,0.009033203125,0.008517020089285714,0.0584716796875,0.0833740234375,0.06873693154313683,0.09859570492753959,77.36937518170787,0.17769587382292162,0.02883934892416863,28.839348924168632,0.008056640625,0.009033203125,0.008517020089285714,0.0584716796875,0.0833740234375,0.06873693154313683,77.36937518170787
scene000049_im000001_gt000003_obj000013,49,1,3,13,2048,8192,8192,96.74925994873047,198.52792358398438,238.88021850585938,246.71066284179688,0.37785624603112494,0.23294932079764694,232.94932079764695,0.22265625,0.053466796875,0.08622761936339522,0.75,0.169677734375,0.27674542075922487,0.49343181348773835,0.2158777166493695,215.8777166493695,0.009033203125,0.00927734375,0.009153645833333333,0.048583984375,0.062744140625,0.05476352624725877,0.017071604148277436,7.328462727352962,0.49343181348773835,0.2158777166493695,215.8777166493695,0.009033203125,0.00927734375,0.009153645833333333,0.048583984375,0.062744140625,0.05476352624725877,7.328462727352962
scene000050_im000620_gt000000_obj000002,50,620,0,2,2048,8192,8192,155.8115692138672,297.84149169921875,376.7582702636719,373.6960754394531,0.295064465557885,0.14265368943061502,142.653689430615,0.2099609375,0.0496826171875,0.08035176451574988,0.73193359375,0.161376953125,0.2644482675423613,0.12271469293026499,0.013383216890921527,13.383216890921528,0.0169677734375,0.0211181640625,0.018816825671073716,0.1036376953125,0.1845703125,0.1327405297013977,0.12927047253969348,90.61838712735785,0.12271469293026499,0.013383216890921527,13.383216890921528,0.0169677734375,0.0211181640625,0.018816825671073716,0.1036376953125,0.1845703125,0.1327405297013977,90.61838712735785
scene000050_im000620_gt000002_obj000005,50,620,2,5,2048,8192,8192,96.88017272949219,208.62913513183594,243.3778076171875,257.2567443847656,0.2835487315402857,0.12440189887165927,124.40189887165927,0.17138671875,0.0440673828125,0.07010833480878187,0.6728515625,0.163818359375,0.2634860802086373,0.16119329054130388,0.022123922009346597,22.123922009346597,0.0242919921875,0.0281982421875,0.026099768350290698,0.1173095703125,0.168212890625,0.13822367498129542,0.10227797686231267,82.21576823986344,0.16119329054130388,0.022123922009346597,22.123922009346597,0.0242919921875,0.0281982421875,0.026099768350290698,0.1173095703125,0.168212890625,0.13822367498129542,82.21576823986344
scene000050_im000620_gt000003_obj000010,50,620,3,10,2048,8192,8192,125.4531478881836,214.69163513183594,219.10153198242188,257.649169921875,0.10741058906707071,0.015402206638562715,15.402206638562715,0.42431640625,0.1265869140625,0.19499938545590517,0.87060546875,0.2950439453125,0.44072749355298985,0.18820838649321572,0.06514356143233653,65.14356143233653,0.0657958984375,0.098388671875,0.0788572403578067,0.20458984375,0.513916015625,0.29266844790604823,-0.04974135479377381,-322.94953548562125,0.18820838649321572,0.06514356143233653,65.14356143233653,0.0657958984375,0.098388671875,0.0788572403578067,0.20458984375,0.513916015625,0.29266844790604823,-322.94953548562125
scene000050_im000620_gt000004_obj000015,50,620,4,15,2048,8192,8192,191.447998046875,371.6188049316406,322.881591796875,433.5552978515625,0.10128606479449336,0.01407602007394292,14.076020073942919,0.44580078125,0.123291015625,0.19316121366902617,0.9013671875,0.277099609375,0.4238872002537808,0.09175478969863043,0.013711624520192367,13.711624520192366,0.0987548828125,0.1427001953125,0.11672847119091254,0.27978515625,0.6072998046875,0.383082744555869,0.00036439555375055235,2.5887683580752334,0.09175478969863043,0.013711624520192367,13.711624520192366,0.0987548828125,0.1427001953125,0.11672847119091254,0.27978515625,0.6072998046875,0.383082744555869,2.5887683580752334
scene000051_im000001_gt000000_obj000001,51,1,0,1,2048,8192,8192,85.87303161621094,199.17066955566406,250.11241149902344,244.78065490722656,0.35979014754368127,0.2095578594128634,209.5578594128634,0.08203125,0.0203857421875,0.032656063766388556,0.404296875,0.103271484375,0.16451907467532467,0.2575690075584587,0.05999241986844948,59.992419868449474,0.01123046875,0.0118408203125,0.011527571097883597,0.06884765625,0.0870361328125,0.07688078137235708,0.14956543954441393,71.37190652904383,0.2575690075584587,0.05999241986844948,59.992419868449474,0.01123046875,0.0118408203125,0.011527571097883597,0.06884765625,0.0870361328125,0.07688078137235708,71.37190652904383
scene000051_im000001_gt000001_obj000003,51,1,1,3,2048,8192,8192,177.04212951660156,280.0986328125,250.84442138671875,329.5,0.0963436525234945,0.01367608305655152,13.676083056551521,0.5126953125,0.156982421875,0.24036681439117755,0.955078125,0.3460693359375,0.5080488759499014,0.07135558313213594,0.006548263279556045,6.548263279556045,0.11865234375,0.1734619140625,0.14091515291997492,0.291015625,0.7357177734375,0.41706127021162764,0.007127819776995475,52.11886873983919,0.07135558313213594,0.006548263279556045,6.548263279556045,0.11865234375,0.1734619140625,0.14091515291997492,0.291015625,0.7357177734375,0.41706127021162764,52.11886873983919
scene000051_im000001_gt000002_obj000004,51,1,2,4,2048,8192,8192,66.87247467041016,165.96295166015625,188.29837036132812,203.75762939453125,0.24423694217618735,0.08737768382778033,87.37768382778033,0.0322265625,0.0093994140625,0.014553931451612902,0.181640625,0.066162109375,0.09699430418719211,0.14814300314510476,0.022250981743340774,22.250981743340773,0.0198974609375,0.0234375,0.02152288732394366,0.10693359375,0.158203125,0.12761136049723756,0.06512670208443955,74.53470867092675,0.14814300314510476,0.022250981743340774,22.250981743340773,0.0198974609375,0.0234375,0.02152288732394366,0.10693359375,0.158203125,0.12761136049723756,74.53470867092675
scene000051_im000001_gt000003_obj000012,51,1,3,12,2048,8192,8192,123.86901092529297,264.4795227050781,310.6823425292969,319.49169921875,0.18331152843624693,0.05145136526965004,51.45136526965004,0.18505859375,0.052978515625,0.08237479967948717,0.71044921875,0.228759765625,0.3460831390531583,0.13630383656756445,0.015026993890069833,15.026993890069832,0.0333251953125,0.040771484375,0.036674185286243825,0.1505126953125,0.2413330078125,0.18539788076810748,0.036424371379580205,70.79378980263152,0.13630383656756445,0.015026993890069833,15.026993890069832,0.0333251953125,0.040771484375,0.036674185286243825,0.1505126953125,0.2413330078125,0.18539788076810748,70.79378980263152
scene000051_im000001_gt000004_obj000017,51,1,4,17,2048,8192,8192,86.4974594116211,173.1007080078125,222.1120147705078,204.71978759765625,0.15468547815208106,0.0506229415804982,50.6229415804982,0.1533203125,0.046875,0.07179878048780487,0.46337890625,0.1719970703125,0.25087449717819404,0.18891983260926246,0.05319512861493201,53.19512861493201,0.054931640625,0.0772705078125,0.06421371840373961,0.17919921875,0.369873046875,0.24142891632392174,-0.0025721870344338066,-5.081069874897801,0.18891983260926246,0.05319512861493201,53.19512861493201,0.054931640625,0.0772705078125,0.06421371840373961,0.17919921875,0.369873046875,0.24142891632392174,-5.081069874897801
scene000052_im000001_gt000000_obj000005,52,1,0,5,2048,8192,8192,95.86846923828125,223.2432403564453,250.66714477539062,264.1258544921875,0.2050378400932091,0.06467300864117892,64.67300864117892,0.14599609375,0.0426025390625,0.06595810578478964,0.6123046875,0.1781005859375,0.2759390082046332,0.14353879494773272,0.017749048288111097,17.749048288111098,0.0213623046875,0.02685546875,0.02379598496835443,0.1107177734375,0.17138671875,0.13452856244591085,0.046923960353067826,72.55570962132443,0.14353879494773272,0.017749048288111097,17.749048288111098,0.0213623046875,0.02685546875,0.02379598496835443,0.1107177734375,0.17138671875,0.13452856244591085,72.55570962132443
scene000052_im000001_gt000001_obj000006,52,1,1,6,2048,8192,8192,71.81369018554688,137.2255096435547,144.76873779296875,165.5179443359375,0.19197643421321037,0.046173081815505376,46.17308181550538,0.14013671875,0.0404052734375,0.06272515741210277,0.53515625,0.129150390625,0.20808354005880192,0.14949193574607536,0.020271983011638087,20.27198301163809,0.0330810546875,0.0404052734375,0.03637816977263289,0.1409912109375,0.22412109375,0.17309251974674023,0.02590109880386729,56.095668266980276,0.14949193574607536,0.020271983011638087,20.27198301163809,0.0330810546875,0.0404052734375,0.03637816977263289,0.1409912109375,0.22412109375,0.17309251974674023,56.095668266980276
scene000052_im000001_gt000002_obj000011,52,1,2,11,2048,8192,8192,144.63966369628906,323.8985290527344,390.48370361328125,404.6352233886719,0.2140186662623601,0.07971531641894415,79.71531641894416,0.18017578125,0.0457763671875,0.07300477360210697,0.62890625,0.173583984375,0.2720732240644965,0.12506662345654052,0.014950834448588994,14.950834448588994,0.0142822265625,0.0164794921875,0.015302385602678572,0.0849609375,0.134765625,0.10421875,0.06476448197035516,81.24471541953766,0.12506662345654052,0.014950834448588994,14.950834448588994,0.0142822265625,0.0164794921875,0.015302385602678572,0.0849609375,0.134765625,0.10421875,81.24471541953766
scene000053_im000001_gt000000_obj000004,53,1,0,4,2048,8192,8192,68.5073013305664,153.2642059326172,181.78077697753906,188.25527954101562,0.22469399687838393,0.08696857983767708,86.96857983767708,0.10888671875,0.0294189453125,0.046322505240511916,0.509765625,0.1444091796875,0.2250616661224109,0.08910624136756155,0.006345581215706881,6.345581215706881,0.023193359375,0.0283203125,0.025501703199052133,0.1353759765625,0.21875,0.16724836263357462,0.0806229986219702,92.70359338102263,0.08910624136756155,0.006345581215706881,6.345581215706881,0.023193359375,0.0283203125,0.025501703199052133,0.1353759765625,0.21875,0.16724836263357462,92.70359338102263
scene000053_im000001_gt000001_obj000009,53,1,1,9,2048,8192,8192,71.74441528320312,154.66502380371094,194.49241638183594,190.47781372070312,0.2744937156842433,0.11536020515361668,115.36020515361668,0.068359375,0.018310546875,0.02888424295774648,0.345703125,0.09375,0.1475,0.18649885884538364,0.03546431086944998,35.46431086944998,0.019775390625,0.02197265625,0.020816200657894735,0.1136474609375,0.1622314453125,0.13366148281941373,0.0798958942841667,69.25776022829989,0.18649885884538364,0.03546431086944998,35.46431086944998,0.019775390625,0.02197265625,0.020816200657894735,0.1136474609375,0.1622314453125,0.13366148281941373,69.25776022829989
scene000053_im000001_gt000002_obj000013,53,1,2,13,2048,8192,8192,103.94709014892578,254.12936401367188,238.57411193847656,297.4837646484375,0.08463036568485512,0.011373975575952534,11.373975575952533,0.18359375,0.0504150390625,0.07910716614501825,0.6640625,0.264404296875,0.3782170326058375,0.19144739042436404,0.028440023796803944,28.440023796803946,0.00634765625,0.0081787109375,0.007147780987394958,0.03515625,0.0643310546875,0.04546587423312883,-0.01706604822085141,-150.0447060650751,0.19144739042436404,0.028440023796803944,28.440023796803946,0.00634765625,0.0081787109375,0.007147780987394958,0.03515625,0.0643310546875,0.04546587423312883,-150.0447060650751
scene000054_im000001_gt000000_obj000002,54,1,0,2,2048,8192,8192,151.99343872070312,315.1922912597656,350.0171813964844,388.1402282714844,0.21495859852200652,0.0642452351948539,64.24523519485389,0.14404296875,0.0367431640625,0.05855088939061445,0.56640625,0.138671875,0.22279691828254847,0.11524879098276888,0.011662346312458199,11.6623463124582,0.025390625,0.0284423828125,0.02683000283446712,0.1329345703125,0.200439453125,0.1598524822066093,0.05258288888239569,81.8471420065836,0.11524879098276888,0.011662346312458199,11.6623463124582,0.025390625,0.0284423828125,0.02683000283446712,0.1329345703125,0.200439453125,0.1598524822066093,81.8471420065836
scene000054_im000001_gt000001_obj000003,54,1,1,3,2048,8192,8192,98.66059112548828,234.59188842773438,241.1776885986328,274.12994384765625,0.16878261809610084,0.044200655259466246,44.200655259466245,0.142578125,0.039794921875,0.06222284973226238,0.60888671875,0.2021484375,0.3035269133804937,0.10540954562357051,0.010249428607598428,10.249428607598428,0.0379638671875,0.045654296875,0.041455434534671536,0.15869140625,0.2601318359375,0.19712701062008162,0.03395122665186782,76.81159125937764,0.10540954562357051,0.010249428607598428,10.249428607598428,0.0379638671875,0.045654296875,0.041455434534671536,0.15869140625,0.2601318359375,0.19712701062008162,76.81159125937764
scene000054_im000001_gt000002_obj000012,54,1,2,12,2048,8192,8192,128.48257446289062,290.97540283203125,311.3060302734375,339.4713134765625,0.17225919711428272,0.04138164803329419,41.381648033294184,0.158203125,0.0452880859375,0.07041794766046791,0.62890625,0.2000732421875,0.3035715929170962,0.10518714366143478,0.011053594640053396,11.053594640053396,0.0413818359375,0.048095703125,0.044486885018758526,0.169189453125,0.284912109375,0.21230547505040323,0.03032805339324079,73.28865532092857,0.10518714366143478,0.011053594640053396,11.053594640053396,0.0413818359375,0.048095703125,0.044486885018758526,0.169189453125,0.284912109375,0.21230547505040323,73.28865532092857
scene000054_im000001_gt000003_obj000015,54,1,3,15,2048,8192,8192,126.57243347167969,284.1287841796875,316.36676025390625,345.0278625488281,0.14048039150874309,0.024357230448795928,24.357230448795928,0.17236328125,0.0443115234375,0.07049900968309859,0.6201171875,0.17041015625,0.26735132605003087,0.08331486268780741,0.005336854729560258,5.336854729560258,0.0416259765625,0.0528564453125,0.04657376705830103,0.180908203125,0.3245849609375,0.23232789766209852,0.01902037571923567,78.0892382622094,0.08331486268780741,0.005336854729560258,5.336854729560258,0.0416259765625,0.0528564453125,0.04657376705830103,0.180908203125,0.3245849609375,0.23232789766209852,78.0892382622094
scene000054_im000001_gt000004_obj000019,54,1,4,19,2048,8192,8192,135.72808837890625,230.98834228515625,227.37339782714844,276.1602783203125,0.11073247481761425,0.013539195192479245,13.539195192479244,0.25146484375,0.05712890625,0.0931056541732595,0.6474609375,0.1712646484375,0.27087749972044134,0.09736253064813988,0.011174320184606783,11.174320184606783,0.114013671875,0.1429443359375,0.12685036557304039,0.3173828125,0.546630859375,0.401593736754733,0.002364875007872462,17.46688022627891,0.09736253064813988,0.011174320184606783,11.174320184606783,0.114013671875,0.1429443359375,0.12685036557304039,0.3173828125,0.546630859375,0.401593736754733,17.46688022627891
scene000055_im000022_gt000000_obj000001,55,22,0,1,2048,8192,8192,123.7029037475586,239.04876708984375,255.02000427246094,283.8754577636719,0.18486257751928206,0.053412817460120665,53.412817460120664,0.14404296875,0.0401611328125,0.0628099890241882,0.57666015625,0.1824951171875,0.2772493756532401,0.08435772874056871,0.005668442028011269,5.668442028011269,0.042236328125,0.0531005859375,0.04704943081786172,0.1729736328125,0.3187255859375,0.22424734621322617,0.047744375432109395,89.38748731567385,0.08435772874056871,0.005668442028011269,5.668442028011269,0.042236328125,0.0531005859375,0.04704943081786172,0.1729736328125,0.3187255859375,0.22424734621322617,89.38748731567385
scene000055_im000022_gt000001_obj000003,55,22,1,3,2048,8192,8192,124.07299041748047,243.4420166015625,246.88104248046875,291.88934326171875,0.16593179411098047,0.039310804925641124,39.31080492564112,0.27099609375,0.07177734375,0.11349409054487179,0.7646484375,0.224365234375,0.3469325668044927,0.1048139288407115,0.010742700181852775,10.742700181852776,0.0400390625,0.048095703125,0.04369914300554017,0.171875,0.3065185546875,0.22024910691502936,0.028568104743788347,72.67239833380854,0.1048139288407115,0.010742700181852775,10.742700181852776,0.0400390625,0.048095703125,0.04369914300554017,0.171875,0.3065185546875,0.22024910691502936,72.67239833380854
scene000055_im000022_gt000002_obj000004,55,22,2,4,2048,8192,8192,61.0567741394043,139.21829223632812,175.69325256347656,174.832275390625,0.3221624869512711,0.16526421453030957,165.26421453030957,0.06201171875,0.0172119140625,0.026944999518489984,0.30322265625,0.08642578125,0.13451230615601503,0.16168716405801092,0.02551214586970288,25.51214586970288,0.01513671875,0.0164794921875,0.015779590974903474,0.0826416015625,0.1192626953125,0.0976310093428809,0.1397520686606067,84.5628129827078,0.16168716405801092,0.02551214586970288,25.51214586970288,0.01513671875,0.0164794921875,0.015779590974903474,0.0826416015625,0.1192626953125,0.0976310093428809,84.5628129827078
scene000055_im000022_gt000003_obj000012,55,22,3,12,2048,8192,8192,101.99381256103516,210.8948211669922,310.6540832519531,260.2804870605469,0.42667452741907036,0.24670511649165144,246.70511649165144,0.0703125,0.0186767578125,0.029513888888888888,0.38134765625,0.08056640625,0.13302825218023256,0.24834781744835568,0.06866957255641927,68.66957255641927,0.0225830078125,0.0252685546875,0.023850421516262755,0.1156005859375,0.142333984375,0.12758190554010884,0.1780355439352322,72.16532290332817,0.24834781744835568,0.06866957255641927,68.66957255641927,0.0225830078125,0.0252685546875,0.023850421516262755,0.1156005859375,0.142333984375,0.12758190554010884,72.16532290332817
scene000055_im000022_gt000004_obj000014,55,22,4,14,2048,8192,8192,64.76023864746094,171.90357971191406,185.63243103027344,202.44862365722656,0.18213423729801753,0.04055913948103337,40.55913948103337,0.0400390625,0.0103759765625,0.01648097003631961,0.23388671875,0.063232421875,0.0995507972986853,0.12408810379949631,0.011529862464291715,11.529862464291714,0.01513671875,0.0164794921875,0.015779590974903474,0.0948486328125,0.1236572265625,0.10735381568610335,0.029029277016741652,71.57271428383382,0.12408810379949631,0.011529862464291715,11.529862464291714,0.01513671875,0.0164794921875,0.015779590974903474,0.0948486328125,0.1236572265625,0.10735381568610335,71.57271428383382
scene000055_im000022_gt000005_obj000016,55,22,5,16,2048,8192,8192,132.9002227783203,298.6370544433594,346.6800537109375,360.57470703125,0.2377157689380156,0.08340702381568064,83.40702381568065,0.13134765625,0.035888671875,0.05637403056569343,0.56591796875,0.1644287109375,0.2548191555762159,0.16011207091214785,0.031015950109322336,31.015950109322336,0.03125,0.0374755859375,0.03408081705150977,0.1494140625,0.234619140625,0.18256441711697394,0.05239107370635831,62.81374314726323,0.16011207091214785,0.031015950109322336,31.015950109322336,0.03125,0.0374755859375,0.03408081705150977,0.1494140625,0.234619140625,0.18256441711697394,62.81374314726323
scene000056_im000001_gt000000_obj000001,56,1,0,1,2048,8192,8192,73.91162109375,173.1957550048828,241.15689086914062,212.18544006347656,0.577167513838837,0.4501863469296852,450.18634692968516,0.021484375,0.0052490234375,0.008436786529680365,0.15478515625,0.0374755859375,0.060341641865079364,0.45560666972330877,0.19139232373553206,191.39232373553205,0.00390625,0.00439453125,0.004136029411764706,0.03515625,0.045654296875,0.03972337613293051,0.2587940231941531,57.48597774214026,0.45560666972330877,0.19139232373553206,191.39232373553205,0.00390625,0.00439453125,0.004136029411764706,0.03515625,0.045654296875,0.03972337613293051,57.48597774214026
scene000056_im000001_gt000001_obj000010,56,1,1,10,2048,8192,8192,54.23150634765625,120.67562103271484,220.5206298828125,140.7882080078125,0.5995454586655102,0.6018835226093178,601.8835226093178,0.0732421875,0.0196533203125,0.030990781044678055,0.34814453125,0.0770263671875,0.12614366880203848,0.5417960684253942,0.45736760994779,457.36760994779,0.017822265625,0.020263671875,0.018964718549679488,0.098876953125,0.11962890625,0.10826750174581005,0.14451591266152775,24.010611228400904,0.5417960684253942,0.45736760994779,457.36760994779,0.017822265625,0.020263671875,0.018964718549679488,0.098876953125,0.11962890625,0.10826750174581005,24.010611228400904
scene000056_im000001_gt000002_obj000011,56,1,2,11,2048,8192,8192,134.586181640625,303.32916259765625,371.616455078125,372.0507507324219,0.22601744620024372,0.08805603908296677,88.05603908296678,0.19970703125,0.050537109375,0.08066215701219512,0.71435546875,0.187744140625,0.29734200566644114,0.16197688949277245,0.023883315246855257,23.883315246855258,0.01318359375,0.01416015625,0.013654436383928572,0.0953369140625,0.13720703125,0.11250256315616798,0.06417272383611151,72.87714108472186,0.16197688949277245,0.023883315246855257,23.883315246855258,0.01318359375,0.01416015625,0.013654436383928572,0.0953369140625,0.13720703125,0.11250256315616798,72.87714108472186
scene000056_im000001_gt000003_obj000015,56,1,3,15,2048,8192,8192,148.61155700683594,233.39463806152344,290.363525390625,275.1568603515625,0.22243649802822268,0.06403866315922987,64.03866315922987,0.14697265625,0.0302734375,0.05020553546831956,0.5966796875,0.0987548828125,0.16946247751009302,0.207622376180983,0.05717343266637418,57.17343266637418,0.0560302734375,0.06787109375,0.061384890701970445,0.2244873046875,0.2569580078125,0.23962767564259002,0.006865230492855694,10.720446296303127,0.207622376180983,0.05717343266637418,57.17343266637418,0.0560302734375,0.06787109375,0.061384890701970445,0.2244873046875,0.2569580078125,0.23962767564259002,10.720446296303127
scene000057_im000001_gt000000_obj000004,57,1,0,4,2048,8192,8192,63.91020202636719,152.51901245117188,179.38197326660156,188.31324768066406,0.2659502170332482,0.09752788006115265,97.52788006115264,0.02783203125,0.0078125,0.012200342465753425,0.1337890625,0.0445556640625,0.06684874443874059,0.12985248028692958,0.017150679778090712,17.150679778090712,0.0201416015625,0.023681640625,0.021768639014623954,0.101318359375,0.1541748046875,0.12227910930781176,0.08037720028306194,82.41458773907856,0.12985248028692958,0.017150679778090712,17.150679778090712,0.0201416015625,0.023681640625,0.021768639014623954,0.101318359375,0.1541748046875,0.12227910930781176,82.41458773907856
scene000057_im000001_gt000001_obj000012,57,1,1,12,2048,8192,8192,120.9552001953125,275.297119140625,322.4444580078125,328.408447265625,0.22216104850975227,0.06907203863310821,69.0720386331082,0.10205078125,0.0299072265625,0.04625798595050879,0.46435546875,0.14501953125,0.22101534329927885,0.1714494368135519,0.027035268472940202,27.035268472940203,0.0321044921875,0.0386962890625,0.035093531115301724,0.134033203125,0.210693359375,0.1638394536782932,0.042036770160168005,60.859315856385585,0.1714494368135519,0.027035268472940202,27.035268472940203,0.0321044921875,0.0386962890625,0.035093531115301724,0.134033203125,0.210693359375,0.1638394536782932,60.859315856385585
scene000057_im000001_gt000002_obj000018,57,1,2,18,2048,8192,8192,82.48526000976562,140.8140869140625,137.8689727783203,171.78228759765625,0.11092894814148573,0.011004788119465208,11.004788119465209,0.11962890625,0.02734375,0.04451308139534884,0.33203125,0.1116943359375,0.1671574105914718,0.18017281293856252,0.05835405311979966,58.35405311979966,0.06396484375,0.11962890625,0.08335843999335106,0.2757568359375,0.537109375,0.364418104257396,-0.04734926500033445,-430.2605782712284,0.18017281293856252,0.05835405311979966,58.35405311979966,0.06396484375,0.11962890625,0.08335843999335106,0.2757568359375,0.537109375,0.364418104257396,-430.2605782712284
scene000057_im000001_gt000003_obj000020,57,1,3,20,2048,8192,8192,153.6667938232422,287.7532043457031,280.23974609375,339.3009948730469,0.09769392974570076,0.010153010622052885,10.153010622052886,0.27099609375,0.0587158203125,0.0965191566780822,0.67578125,0.1787109375,0.28266964285714286,0.09968855747017866,0.012094740479295403,12.094740479295403,0.124755859375,0.1434326171875,0.13344390966374603,0.3531494140625,0.4727783203125,0.4043002307608816,-0.001941729857242518,-19.124670794936197,0.09968855747017866,0.012094740479295403,12.094740479295403,0.124755859375,0.1434326171875,0.13344390966374603,0.3531494140625,0.4727783203125,0.4043002307608816,-19.124670794936197
scene000057_im000001_gt000004_obj000021,57,1,4,21,2048,8192,8192,54.04462814331055,131.93609619140625,163.31155395507812,161.11985778808594,0.28605551034305743,0.12160683210312802,121.60683210312801,0.04150390625,0.0115966796875,0.018128142959770114,0.234375,0.0728759765625,0.11118146603098927,0.1607992043205025,0.025820606525521535,25.820606525521537,0.0205078125,0.022705078125,0.021550582627118644,0.104736328125,0.1549072265625,0.12497451846791255,0.09578622557760648,78.7671415503822,0.1607992043205025,0.025820606525521535,25.820606525521537,0.0205078125,0.022705078125,0.021550582627118644,0.104736328125,0.1549072265625,0.12497451846791255,78.7671415503822
scene000058_im000030_gt000000_obj000003,58,30,0,3,2048,8192,8192,65.47061920166016,153.98861694335938,247.185302734375,190.88833618164062,0.5721477563966013,0.511768336144067,511.768336144067,0.04736328125,0.01171875,0.01878873966942149,0.28955078125,0.07763671875,0.12244301653922872,0.4526106845045923,0.3051599723084616,305.1599723084616,0.0113525390625,0.01220703125,0.011764289183937824,0.0750732421875,0.091064453125,0.08229924859937546,0.20660836383560544,40.371462875624935,0.4526106845045923,0.3051599723084616,305.1599723084616,0.0113525390625,0.01220703125,0.011764289183937824,0.0750732421875,0.091064453125,0.08229924859937546,40.371462875624935
scene000058_im000030_gt000001_obj000007,58,30,1,7,2048,8192,8192,82.37660217285156,161.37596130371094,188.08554077148438,196.04583740234375,0.3072776872028077,0.13345127938661677,133.45127938661676,0.11083984375,0.030029296875,0.04725580860051993,0.48876953125,0.1146240234375,0.18569880228353228,0.2408439395784439,0.07637041480836822,76.37041480836822,0.029052734375,0.034423828125,0.03151104266826923,0.1392822265625,0.2052001953125,0.16593438898055457,0.057080864578248555,42.77281180113807,0.2408439395784439,0.07637041480836822,76.37041480836822,0.029052734375,0.034423828125,0.03151104266826923,0.1392822265625,0.2052001953125,0.16593438898055457,42.77281180113807
scene000058_im000030_gt000002_obj000008,58,30,2,8,2048,8192,8192,55.71820068359375,133.5331268310547,151.31796264648438,163.65597534179688,0.19912756297525136,0.05982893231006284,59.82893231006284,0.0673828125,0.018798828125,0.029396467776203965,0.3359375,0.10986328125,0.16557708105147864,0.1085333572538447,0.010725418860580304,10.725418860580303,0.0279541015625,0.0311279296875,0.02945576817536157,0.1385498046875,0.20654296875,0.16584808597895295,0.049103513449482536,82.07319026688303,0.1085333572538447,0.010725418860580304,10.725418860580303,0.0279541015625,0.0311279296875,0.02945576817536157,0.1385498046875,0.20654296875,0.16584808597895295,82.07319026688303
scene000058_im000030_gt000003_obj000011,58,30,3,11,2048,8192,8192,136.73272705078125,308.6426086425781,361.2524108886719,381.4385070800781,0.2097437211411841,0.0803411018502016,80.3411018502016,0.173828125,0.045654296875,0.07231559371523916,0.6796875,0.1898193359375,0.2967609328934438,0.15353956487318132,0.021503811280625444,21.503811280625445,0.0177001953125,0.018798828125,0.018232977111204012,0.1075439453125,0.140869140625,0.12197121660012285,0.05883729056957616,73.23435852209253,0.15353956487318132,0.021503811280625444,21.503811280625445,0.0177001953125,0.018798828125,0.018232977111204012,0.1075439453125,0.140869140625,0.12197121660012285,73.23435852209253
scene000059_im000001_gt000000_obj000002,59,1,0,2,2048,8192,8192,132.4598388671875,313.7049865722656,376.66094970703125,381.9165344238281,0.2381741552933914,0.08164122336022171,81.64122336022172,0.091796875,0.024658203125,0.03887414832285115,0.46337890625,0.13134765625,0.2046780390496716,0.13326219365075942,0.015109734090879406,15.109734090879407,0.0269775390625,0.0303955078125,0.028584711602393616,0.128662109375,0.181884765625,0.15071269101316823,0.06653148926934231,81.49251876810881,0.13326219365075942,0.015109734090879406,15.109734090879407,0.0269775390625,0.0303955078125,0.028584711602393616,0.128662109375,0.181884765625,0.15071269101316823,81.49251876810881
scene000059_im000001_gt000001_obj000004,59,1,1,4,2048,8192,8192,61.919105529785156,141.61676025390625,173.27679443359375,177.671630859375,0.2777805202257269,0.12687614868349523,126.87614868349523,0.0556640625,0.0159912109375,0.02484494782793867,0.30859375,0.09130859375,0.14092071123321123,0.17916635116775614,0.029569907753118622,29.569907753118624,0.01611328125,0.019287109375,0.01755792025862069,0.0830078125,0.1204833984375,0.09829479416616677,0.0973062409303766,76.69387977177365,0.17916635116775614,0.029569907753118622,29.569907753118624,0.01611328125,0.019287109375,0.01755792025862069,0.0830078125,0.1204833984375,0.09829479416616677,76.69387977177365
scene000059_im000001_gt000002_obj000006,59,1,2,6,2048,8192,8192,89.71632385253906,131.16238403320312,140.07925415039062,154.58717346191406,0.2640821004058504,0.08716344959010962,87.16344959010962,0.22509765625,0.05126953125,0.08351679825530035,0.65283203125,0.1092529296875,0.18718073617451544,0.16677231539340154,0.028170621980230577,28.170621980230578,0.042236328125,0.0557861328125,0.04807472466531756,0.1591796875,0.292236328125,0.20609852454029204,0.05899282760987904,67.68069401486024,0.16677231539340154,0.028170621980230577,28.170621980230578,0.042236328125,0.0557861328125,0.04807472466531756,0.1591796875,0.292236328125,0.20609852454029204,67.68069401486024
scene000059_im000001_gt000003_obj000009,59,1,3,9,2048,8192,8192,84.48318481445312,148.3323974609375,186.638671875,173.60202026367188,0.4957107675095042,0.2618552082232308,261.85520822323076,0.07177734375,0.0159912109375,0.026155304676634215,0.318359375,0.0435791015625,0.0766639439291737,0.46544962142169555,0.22444003702807322,224.44003702807322,0.0313720703125,0.0321044921875,0.03173405573918269,0.145751953125,0.1055908203125,0.12246278722984459,0.037415171195157554,14.288496092566254,0.46544962142169555,0.22444003702807322,224.44003702807322,0.0313720703125,0.0321044921875,0.03173405573918269,0.145751953125,0.1055908203125,0.12246278722984459,14.288496092566254
scene000059_im000001_gt000004_obj000015,59,1,4,15,2048,8192,8192,107.176025390625,274.9421691894531,310.6885070800781,323.201904296875,0.17191246927736828,0.034858156144168734,34.85815614416873,0.103515625,0.028076171875,0.04417178803339518,0.45751953125,0.1280517578125,0.20009922379872838,0.12837447554800155,0.013749408685051374,13.749408685051375,0.0283203125,0.031494140625,0.029823022959183675,0.1356201171875,0.1920166015625,0.15896456358862704,0.02110874745911736,60.556121705962774,0.12837447554800155,0.013749408685051374,13.749408685051375,0.0283203125,0.031494140625,0.029823022959183675,0.1356201171875,0.1920166015625,0.15896456358862704,60.556121705962774
scene000059_im000001_gt000005_obj000018,59,1,5,18,2048,8192,8192,71.76608276367188,115.28366088867188,137.11447143554688,134.4976348876953,0.10755088934440421,0.012594202370398443,12.594202370398444,0.234375,0.0489501953125,0.08098610512710039,0.61376953125,0.1512451171875,0.24268723447223553,0.08282480847993406,0.0054341490325498345,5.4341490325498345,0.070068359375,0.1053466796875,0.08416004751652749,0.198486328125,0.39794921875,0.2648650960652886,0.007160053337848609,56.85197940504497,0.08282480847993406,0.0054341490325498345,5.4341490325498345,0.070068359375,0.1053466796875,0.08416004751652749,0.198486328125,0.39794921875,0.2648650960652886,56.85197940504497
